<?xml version="1.0" encoding="UTF-8"?>
<!DOCTYPE mapper
    PUBLIC "-//mybatis.org//DTD Mapper 3.0//EN"
    "https://mybatis.org/dtd/mybatis-3-mapper.dtd">
    

<mapper namespace="com.ugotfilm.login.repository.IndexRepository">
	<!-- 회원가입 -->
	<insert id="saveUser" parameterType="UserDTO">
		INSERT INTO ugotfilm_user(usercode, username, password , nickname, birth, gender, authRole, joinDate)
		VALUES(ugotfilm_user_usercode_seq.nextval, #{username, jdbcType = VARCHAR}, #{password, jdbcType = VARCHAR}, #{nickname, jdbcType = VARCHAR}, #{birth, jdbcType = VARCHAR}, #{gender, jdbcType = VARCHAR}, #{authRole, jdbcType = VARCHAR}, sysdate)
	</insert>


	<!-- 로그인 -->
	<select id="getUserAccount"
		resultType="UserDTO">
		SELECT * FROM ugotfilm_user
		WHERE username=#{username, jdbcType=VARCHAR}
	</select>
	 
	<!-- 회원 정보 가져오기 -->

	<select id="userInfo" resultType="UserDTO">
		SELECT * FROM ugotfilm_user
		WHERE usercode=#{usercode, jdbcType=VARCHAR}
	</select>
	<!-- 정보 수정 -->
	<update id="updateProcess" parameterType="UserDTO">
		UPDATE ugotfilm_user
		SET nickname=#{nickname, jdbcType=VARCHAR},
		birth=#{birth, jdbcType=VARCHAR},gender=#{gender, jdbcType=VARCHAR}
		WHERE usercode=#{usercode, jdbcType=VARCHAR}
	</update>
	<!-- 탈퇴 -->
	<update id="leaveProcess" parameterType="UserDTO">
		UPDATE ugotfilm_user
		SET authrole='ROLE_LEAVE'
		WHERE usercode=#{usercode}
	</update>

	<!-- 아이디 중복 체크 -->
	
	<select id="idck" resultType="int">
		select count(username) from ugotfilm_user where username=#{username, jdbcType=VARCHAR}
	</select>
	<!-- 닉네임 중복 체크 -->
		<select id="nicknameck" resultType="int">
		select count(nickname) from ugotfilm_user where nickname=#{nickname, jdbcType=VARCHAR}
	</select>
	
	<!-- 닉네임 중복시 Usercode 확인 -->
		
	<select id="sameUsercode" resultType="int">
		select count(nickname) from ugotfilm_user where nickname=#{nickname, jdbcType=VARCHAR} and usercode=#{usercode, jdbcType=VARCHAR}
	</select>
</mapper>




