<?xml version="1.0" encoding="UTF-8"?>
<!DOCTYPE mapper
 PUBLIC "-//mybatis.org//DTD Mapper 3.0//EN"
 "http://mybatis.org/dtd/mybatis-3-mapper.dtd">
<mapper namespace="com.ugotfilm.comment.dao.CommentMovieDao">

	<select id="count" parameterType="BoardDTO" resultType="int">
		SELECT count(*) FROM ugotfilm_Movie_comment where pnum = #{pnum}
	</select>

	<select id="comment" parameterType="PageDTO"
		resultType="BoardDTO">
      select b.*, u.nickname from(
         select * from ugotfilm_Movie_comment
      		where pnum = #{pnum}
			order by num asc) b
          left join ugotfilm_user u 
          on b.writer=u.usercode
			 order by num
	</select>

	<insert id="saveComment" parameterType="BoardDTO">
		INSERT INTO ugotfilm_Movie_comment(pnum, num, writer, reg_date, subject, ip)
		VALUES(#{pnum}, ugotfilm_Movie_comment_seq.nextval, #{writer, jdbcType=VARCHAR},sysdate, 
		#{subject, jdbcType=VARCHAR}, #{ip,	jdbcType=VARCHAR})
	</insert>


	<update id="reStepCount" parameterType="BoardDTO">
		UPDATE ugotfilm_Movie_comment SET
		re_step
		= re_step + 1
		WHERE ref=#{ref} AND re_step > #{re_step}
	</update>

	<update id="update" parameterType="BoardDTO">
		UPDATE ugotfilm_Movie_comment
		SET subject=#{subject}
		WHERE num=#{num}
	</update>

	<delete id="deleteComment" parameterType="int">
		DELETE FROM ugotfilm_Movie_comment
		WHERE
		num=#{num}
	</delete>
</mapper>
